run,time,games,updates,cutoffs,policy_loss,value_loss
pilot_deeper,1788970701.305733,1787,1760,0,2.8949043601751328,0.9619030253961682
pilot_deeper,1788970750.4622965,1852,1824,0,2.895411863923073,0.9658640278503299
pilot_deeper,1788970810.0310295,1916,1888,0,2.8718378953635693,0.9658010471612215
pilot_deeper,1788970865.272523,1980,1952,0,2.8729073517024517,0.9697246598079801
pilot_deeper,1788970930.6852014,2046,2016,0,2.865332927554846,0.9658645829185843
pilot_deeper,1788970978.1343112,2111,2080,0,2.840295623987913,0.9694563914090395
pilot_deeper,1788971048.7069054,2175,2144,0,2.8293220438063145,0.9651934755966067
pilot_deeper,1788971107.246462,2240,2208,0,2.7961405515670776,0.9695392055436969
pilot_deeper,1788971155.7885938,2305,2272,0,2.803364012390375,0.9644964588806033
pilot_deeper,1788971213.3968701,2369,2336,0,2.789346367120743,0.9607495618984103
pilot_deeper,1788971258.0800633,2434,2400,0,2.7890591733157635,0.9600060237571597
pilot_deeper,1788971314.1505,2499,2464,0,2.7858567871153355,0.9646585695445538
pilot_deeper,1788971365.5625536,2563,2528,0,2.8007075376808643,0.9595122095197439
pilot_deeper,1788971436.9125865,2627,2592,0,2.7800344713032246,0.9557920079678297
pilot_deeper,1788971478.677095,2691,2656,0,2.7608180083334446,0.9601700576022267
pilot_factorized,1788969300.8466039,32,32,0,3.1680695340037346,0.9930578339844942
pilot_factorized,1788969312.6979713,65,64,0,3.123445436358452,0.9962274953722954
pilot_factorized,1788969321.722677,97,96,0,3.1587675660848618,0.9878169763833284
pilot_factorized,1788969334.2589808,129,128,0,3.1395232304930687,0.977422870695591
pilot_factorized,1788969349.0906081,161,160,0,3.1416085511446,0.9768350347876549
pilot_factorized,1788969363.307258,193,192,0,3.1042562648653984,0.9609253089874983
pilot_factorized,1788969379.3595376,225,224,0,3.128782995045185,0.9569734185934067
pilot_factorized,1788969391.7555647,257,256,0,3.1156628280878067,0.9496800526976585
pilot_factorized,1788969402.6614225,289,288,0,3.1082870215177536,0.9702287930995226
pilot_factorized,1788969419.1538572,321,320,0,3.0838751792907715,0.9553590286523104
pilot_factorized,1788969437.7939217,353,352,0,3.069380134344101,0.9589018914848566
pilot_factorized,1788969450.3127902,385,384,0,3.0689965561032295,0.9594327807426453
pilot_factorized,1788969463.3661351,417,416,0,3.0552586913108826,0.9633417595177889
pilot_factorized,1788969476.454807,449,448,0,3.063075691461563,0.9655844513326883
pilot_factorized,1788969493.0203238,482,480,0,3.0458177626132965,0.9666484873741865
pilot_factorized,1788969508.9577057,514,512,0,3.02716913074255,0.9631881732493639
pilot_factorized,1788969526.9662952,546,544,0,3.009744107723236,0.9721603356301785
pilot_factorized,1788969542.7567341,578,576,0,3.0153342708945274,0.9738670885562897
pilot_factorized,1788969556.865511,610,608,0,3.0032903999090195,0.967228963971138
pilot_factorized,1788969570.632253,642,640,0,2.9964913725852966,0.965446949005127
pilot_factorized,1788969586.8536253,674,672,0,2.9712411984801292,0.9669078215956688
pilot_factorized,1788969599.978573,708,704,0,2.978655330836773,0.9666775390505791
pilot_factorized,1788969614.9426715,740,736,0,3.0213191136717796,0.9557830914855003
pilot_factorized,1788969629.9029968,772,768,0,2.9645387530326843,0.9605268463492393
pilot_factorized,1788969644.855078,804,800,0,2.9781462475657463,0.965106651186943
pilot_factorized,1788969660.2428546,836,832,0,2.9318978786468506,0.960211606696248
pilot_factorized,1788969675.5964506,869,864,0,2.951699122786522,0.9576765410602093
pilot_factorized,1788969695.2946281,901,896,0,2.963037334382534,0.9688095543533564
pilot_factorized,1788969707.5856583,933,928,0,2.9425401240587234,0.9650256372988224
pilot_factorized,1788969724.5265317,965,960,0,2.922336630523205,0.9527536872774363
pilot_factorized,1788969738.075004,998,992,0,2.9247659891843796,0.9605077598243952
pilot_factorized,1788969754.0191412,1030,1024,0,2.929253324866295,0.9641438350081444
pilot_factorized,1788969767.7226617,1063,1056,0,2.9076312258839607,0.9647431932389736
pilot_factorized,1788969778.5284953,1095,1088,0,2.888125292956829,0.9589300397783518
pilot_factorized,1788969797.2795887,1127,1120,0,2.9245686009526253,0.9636612702161074
pilot_factorized,1788969815.7156167,1159,1152,0,2.925087906420231,0.9582145065069199
pilot_factorized,1788969828.454623,1191,1184,0,2.8780348002910614,0.9599895048886538
pilot_factorized,1788969846.2272296,1223,1216,0,2.888854466378689,0.9702343754470348
pilot_factorized,1788969860.596818,1256,1248,0,2.8487958386540413,0.9716932792216539
pilot_factorized,1788969880.0347216,1289,1280,0,2.8424088433384895,0.964355830103159
pilot_factorized,1788969891.1694396,1321,1312,0,2.8574628978967667,0.9617533572018147
pilot_factorized,1788969907.1801405,1353,1344,0,2.8329094126820564,0.9645386841148138
pilot_factorized,1788969921.8531518,1385,1376,0,2.8329198509454727,0.9583248980343342
pilot_factorized,1788969940.5529964,1418,1408,0,2.835167035460472,0.9553847219794989
pilot_factorized,1788969954.8526776,1450,1440,0,2.82529629021883,0.9593082759529352
pilot_factorized,1788969965.448996,1482,1472,0,2.809884913265705,0.9633086640387774
pilot_factorized,1788969979.8663251,1514,1504,0,2.7942901998758316,0.9709718879312277
pilot_factorized,1788969993.693619,1546,1536,0,2.8120879009366035,0.9596514571458101
pilot_factorized,1788970007.2108738,1578,1568,0,2.7950102239847183,0.9502957686781883
pilot_factorized,1788970026.145356,1610,1600,0,2.795923136174679,0.9541489444673061
pilot_factorized,1788970038.5574358,1642,1632,0,2.780208744108677,0.9594385512173176
pilot_factorized,1788970052.395724,1674,1664,0,2.7850212082266808,0.9494769610464573
pilot_factorized,1788970068.942703,1706,1696,0,2.7706570774316788,0.9494696669280529
pilot_factorized,1788970078.548783,1738,1728,0,2.7915233597159386,0.9513175189495087
pilot_factorized,1788970094.9757366,1771,1760,0,2.781227469444275,0.9405637197196484
pilot_factorized,1788970105.283035,1803,1792,0,2.7999632731080055,0.946234192699194
pilot_factorized,1788970123.4238064,1835,1824,0,2.7752433344721794,0.9447423666715622
pilot_factorized,1788970135.6063077,1867,1856,0,2.757231682538986,0.9486021753400564
pilot_factorized,1788970152.4715352,1899,1888,0,2.7966267988085747,0.949502082541585
pilot_factorized,1788970167.2857184,1932,1920,0,2.782900258898735,0.9434216786175966
pilot_mlp128,1788968972.9560275,32,32,0,3.4105464592576027,0.8986630998551846
pilot_mlp128,1788969001.9408832,64,64,0,3.214486561715603,0.9243021607398987
pilot_mlp128,1788969018.285111,96,96,0,3.122686855494976,0.9928974099457264
pilot_mlp128,1788969035.038797,128,128,0,3.145815685391426,0.9848734382539988
pilot_mlp128,1788969051.1868613,160,160,0,3.1410443037748337,0.9845100585371256
pilot_mlp128,1788969067.5368745,192,192,0,3.0706134364008904,0.9842203743755817
pilot_mlp128,1788969084.7383916,225,224,0,3.1166655272245407,0.9828215595334768
pilot_mlp128,1788969100.8589709,257,256,0,3.100540407001972,0.9887037929147482
pilot_mlp128,1788969115.151123,289,288,0,3.095672555267811,0.9865696597844362
pilot_mlp128,1788969134.022774,322,320,0,3.112188994884491,0.9912450816482306
pilot_mlp128,1788969152.1460657,354,352,0,3.09611476957798,0.9872830733656883
pilot_mlp128,1788969166.095916,386,384,0,3.0704270228743553,0.9850850570946932
pilot_mlp128,1788969184.371257,418,416,0,3.088063560426235,0.9857796411961317
pilot_mlp128,1788969200.3053968,450,448,0,3.058680549263954,0.9783481955528259
pilot_mlp128,1788969215.4665458,482,480,0,3.075639508664608,0.9802174065262079
pilot_mlp128,1788969234.5559528,515,512,0,3.0467610955238342,0.9846977069973946
pilot_mlp128,1788969254.143986,547,544,0,3.044786512851715,0.9806805197149515
pilot_mlp128,1788969265.2564044,579,576,0,3.0584802627563477,0.9769081603735685
pilot_mlp128,1788969275.95818,611,608,0,3.0371911749243736,0.9843525588512421
pilot_mlp128,1788969297.112813,645,640,0,3.0566981434822083,0.9784522335976362
pilot_mlp128,1788969312.0442743,677,672,0,3.0268703177571297,0.977071188390255
pilot_mlp128,1788969325.661741,709,704,0,3.0491747707128525,0.9830600377172232
pilot_mlp128,1788969340.4263973,741,736,0,3.033087372779846,0.9825743623077869
pilot_mlp128,1788969360.709408,775,768,0,3.0286110043525696,0.9824417941272259
pilot_mlp128,1788969377.2913966,807,800,0,3.0492516830563545,0.9751987624913454
pilot_mlp128,1788969396.0261602,839,832,0,3.0282157957553864,0.9742604922503233
pilot_mlp128,1788969410.719451,871,864,0,3.003877431154251,0.971506742760539
pilot_mlp128,1788969425.353442,903,896,0,3.0481814071536064,0.9729756265878677
pilot_mlp128,1788969441.1969004,935,928,0,3.022727496922016,0.9715910088270903
pilot_mlp128,1788969457.1582747,967,960,0,3.0324999317526817,0.965123139321804
pilot_mlp128,1788969471.462512,1000,992,0,3.0307227298617363,0.9661552999168634
pilot_mlp128,1788969489.8406334,1032,1024,0,2.996987320482731,0.9669742695987225
pilot_mlp128,1788969507.7413232,1065,1056,0,3.038441553711891,0.9713876228779554
pilot_mlp128,1788969520.4068975,1097,1088,0,3.0348937585949898,0.9644358661025763
pilot_mlp128,1788969538.6407564,1129,1120,0,3.0077017918229103,0.9630880728363991
pilot_mlp128,1788969551.133786,1161,1152,0,3.0361260175704956,0.9737425576895475
pilot_mlp128,1788969572.1816869,1193,1184,0,3.0016111880540848,0.9583419170230627
pilot_mlp128,1788969584.530525,1225,1216,0,3.020943447947502,0.9676978439092636
pilot_mlp128,1788969610.7603528,1257,1248,0,2.992688328027725,0.9610484726727009
pilot_mlp128,1788969627.3055913,1290,1280,0,2.9674497470259666,0.9575901720672846
pilot_mlp128,1788969640.9505286,1322,1312,0,2.986718349158764,0.960327073931694
pilot_mlp128,1788969660.5489337,1354,1344,0,2.986168421804905,0.9670439884066582
pilot_mlp128,1788969677.4327135,1386,1376,0,2.9898559600114822,0.9707193374633789
pilot_mlp128,1788969693.3433452,1418,1408,0,2.974847085773945,0.9537916127592325
pilot_mlp128,1788969703.2635083,1451,1440,0,2.959402784705162,0.9684929363429546
pilot_mlp128,1788969724.158342,1483,1472,0,2.9387727826833725,0.9563615154474974
pilot_mlp128,1788969744.2749794,1515,1504,0,2.9571896493434906,0.9599080216139555
pilot_mlp128,1788969765.07593,1547,1536,0,2.950732246041298,0.9612869750708342
pilot_mlp128,1788969783.0152407,1579,1568,0,2.926050178706646,0.9671873711049557
pilot_mlp128,1788969798.8475635,1611,1600,0,2.9256279319524765,0.971550477668643
pilot_mlp128,1788969814.9818895,1645,1632,0,2.9375008419156075,0.9634470697492361
pilot_mlp128,1788969831.9064162,1677,1664,0,2.908548392355442,0.9605727810412645
pilot_mlp128,1788969851.0348547,1709,1696,0,2.916115418076515,0.9612387400120497
pilot_mlp256,1788969913.9956696,32,32,0,3.354768618941307,0.8680739849805832
pilot_mlp256,1788969933.7602763,64,64,0,3.1536776944994926,0.9754903968423605
pilot_mlp256,1788969948.4908187,96,96,0,3.141979716718197,0.9816033020615578
pilot_mlp256,1788969961.0783079,128,128,0,3.069561518728733,0.978512916713953
pilot_mlp256,1788969972.875963,161,160,0,3.058637022972107,0.9858607910573483
pilot_mlp256,1788969982.1303573,193,192,0,3.0604496523737907,0.9770732838660479
pilot_mlp256,1788969991.5035448,226,224,0,3.0832895636558533,0.9859313201159239
pilot_mlp256,1788970004.0168269,258,256,0,3.0655700266361237,0.9834598377346992
pilot_mlp256,1788970011.399757,290,288,0,3.029580779373646,0.9810975715517998
pilot_mlp256,1788970022.8589487,322,320,0,3.0565239265561104,0.9807953387498856
pilot_mlp256,1788970031.223097,354,352,0,3.0660861656069756,0.9844941161572933
pilot_mlp256,1788970045.3437467,386,384,0,3.0613414719700813,0.98389264754951
pilot_mlp256,1788970055.65007,418,416,0,3.0555819496512413,0.9800101220607758
pilot_mlp256,1788970063.2482233,451,448,0,3.054082028567791,0.9759881217032671
pilot_mlp256,1788970078.118875,483,480,0,3.006802722811699,0.9641811177134514
pilot_mlp256,1788970095.4941542,515,512,0,3.0301153138279915,0.9697973243892193
pilot_mlp256,1788970105.4067333,547,544,0,3.018352799117565,0.970180744305253
pilot_mlp256,1788970117.8004568,579,576,0,3.0186472833156586,0.9726000241935253
pilot_mlp256,1788970126.7060773,611,608,0,3.0267589017748833,0.9627585038542747
pilot_mlp256,1788970136.7982304,643,640,0,3.001698486506939,0.966935571283102
pilot_mlp256,1788970146.5646315,675,672,0,3.033855989575386,0.9637919347733259
pilot_mlp256,1788970161.1854508,709,704,0,3.02185620367527,0.9662465713918209
pilot_mlp256,1788970171.5300422,741,736,0,3.0112531781196594,0.9643053114414215
pilot_mlp256,1788970180.2338724,774,768,0,2.992593213915825,0.9616135358810425
pilot_mlp256,1788970190.2236037,806,800,0,3.019556127488613,0.9602344129234552
pilot_mlp256,1788970200.3059049,838,832,0,3.015570543706417,0.9614283982664347
pilot_mlp256,1788970210.9040174,870,864,0,3.0155223459005356,0.9505921099334955
pilot_mlp256,1788970224.8672154,903,896,0,2.981966108083725,0.9479022659361362
pilot_mlp256,1788970231.044141,935,928,0,2.9905613511800766,0.9462989065796137
pilot_mlp256,1788970242.9046955,967,960,0,2.978957399725914,0.9559803046286106
pilot_mlp256,1788970248.8958948,999,992,0,2.993952624499798,0.9522296786308289
pilot_mlp256,1788970261.036437,1032,1024,0,3.0125791281461716,0.9452221859246492
pilot_mlp256,1788970269.926354,1064,1056,0,2.986217647790909,0.9446701593697071
pilot_mlp256,1788970285.0873263,1097,1088,0,2.9860547706484795,0.9349246360361576
pilot_mlp256,1788970292.5359688,1129,1120,0,2.9830747842788696,0.945592476055026
pilot_mlp256,1788970303.762378,1161,1152,0,2.9782708808779716,0.9345452077686787
pilot_mlp256,1788970312.5775542,1195,1184,0,2.9628363624215126,0.9429090302437544
pilot_mlp256,1788970323.517313,1228,1216,0,2.971180707216263,0.9409266542643309
pilot_mlp256,1788970335.1389527,1260,1248,0,2.9798791110515594,0.9482502527534962
pilot_mlp256,1788970344.0563462,1293,1280,0,2.940643288195133,0.9331947397440672
pilot_mlp256,1788970352.889906,1325,1312,0,2.9512865096330643,0.9484210107475519
pilot_mlp256,1788970367.0929558,1357,1344,0,2.961199566721916,0.9349107351154089
pilot_mlp256,1788970380.008147,1390,1376,0,2.973734423518181,0.9417206645011902
pilot_mlp256,1788970389.2926326,1422,1408,0,2.934644602239132,0.9443721082061529
pilot_mlp256,1788970397.91444,1454,1440,0,2.925220511853695,0.9388147238641977
pilot_mlp256,1788970413.8976476,1486,1472,0,2.9218303114175797,0.9297783356159925
pilot_mlp256,1788970422.103349,1521,1504,0,2.923744410276413,0.946296826004982
pilot_mlp256,1788970435.7109044,1553,1536,0,2.910896345973015,0.933940825983882
pilot_mlp256,1788970446.7743638,1585,1568,0,2.912017434835434,0.9333482049405575
pilot_mlp256,1788970456.5768876,1617,1600,0,2.9092207103967667,0.9397971760481596
pilot_mlp256,1788970468.7131202,1650,1632,0,2.9060433581471443,0.9306879714131355
pilot_mlp256,1788970478.5298212,1682,1664,0,2.8897607922554016,0.9361350294202566
pilot_mlp256,1788970489.71483,1714,1696,0,2.888051874935627,0.9442654438316822
pilot_mlp256,1788970500.7946317,1746,1728,0,2.8907148465514183,0.9380792751908302
pilot_mlp256,1788970511.5192397,1778,1760,0,2.8792202100157738,0.9442639648914337
pilot_mlp256,1788970525.7707324,1810,1792,0,2.86989177018404,0.949177173897624
pilot_mlp256,1788970537.968612,1842,1824,0,2.8662327602505684,0.9444817509502172
pilot_mlp256,1788970550.080477,1875,1856,0,2.8893415555357933,0.9406917169690132
pilot_mlp256,1788970563.0423465,1907,1888,0,2.864915579557419,0.9458356257528067
pilot_mlp256,1788970572.9633589,1939,1920,0,2.8547887578606606,0.9397184494882822
pilot_mlp256,1788970584.8068867,1971,1952,0,2.859008401632309,0.94679044932127
pilot_mlp256,1788970600.2904935,2004,1984,0,2.8363503590226173,0.9485377781093121
pilot_mlp256,1788970610.304334,2036,2016,0,2.8247914984822273,0.9520071614533663
pilot_mlp256,1788970622.218603,2069,2048,0,2.8483397513628006,0.9481713324785233
pilot_mlp256,1788970632.6747801,2102,2080,0,2.8311984539031982,0.9598368350416422
pilot_mlp256,1788970646.1711428,2134,2112,0,2.8325496912002563,0.9594997093081474
pilot_mlp256,1788970661.136855,2166,2144,0,2.8348220214247704,0.959231911227107
pilot_mlp256,1788970675.855809,2199,2176,0,2.807533971965313,0.9597841687500477
pilot_mlp256,1788970691.0786853,2233,2208,0,2.8012759685516357,0.9714619461447
pilot_mlp256,1788970702.3090932,2265,2240,0,2.800883613526821,0.9615709111094475
pilot_mlp256,1788970714.5645251,2297,2272,0,2.8042963817715645,0.9682338740676641
pilot_mlp256,1788970728.0796368,2329,2304,0,2.814461514353752,0.9582748562097549
pilot_mlp256,1788970740.008503,2363,2336,0,2.7898369058966637,0.9639936201274395
pilot_mlp256,1788970752.0701075,2395,2368,0,2.7824364602565765,0.966255459934473
pilot_mlp256,1788970766.8011067,2427,2400,0,2.7675837576389313,0.9666903931647539
pilot_mlp256,1788970776.3705204,2459,2432,0,2.7375522032380104,0.9627779461443424
pilot_mlp256,1788970790.0746489,2492,2464,0,2.7730750739574432,0.9628375619649887
pilot_resnet32,1788970848.765685,33,32,0,3.440302461385727,0.9492332022637129
pilot_resnet32,1788970862.3735292,65,64,0,3.2067346945405006,0.9895485434681177
pilot_resnet32,1788970867.802852,97,96,0,3.157788969576359,0.9838665332645178
pilot_resnet32,1788970875.4992375,130,128,0,3.1018302366137505,0.9900264423340559
pilot_resnet32,1788970880.1100867,162,160,0,3.1351734921336174,0.9870705492794514
pilot_resnet32,1788970886.4250665,194,192,0,3.102134086191654,0.9932443201541901
pilot_resnet32,1788970894.6445396,226,224,0,3.1202435940504074,0.988964632153511
pilot_resnet32,1788970902.4929323,258,256,0,3.0799975842237473,0.9929326437413692
pilot_resnet32,1788970905.3397067,291,288,0,3.099733844399452,0.9920470081269741
pilot_resnet32,1788970915.0952344,323,320,0,3.083838552236557,0.9939750246703625
pilot_resnet32,1788970920.8491561,355,352,0,3.069011852145195,0.9878752827644348
pilot_resnet32,1788970928.7740672,388,384,0,3.0593475103378296,0.9863704778254032
pilot_resnet32,1788970936.216584,421,416,1,3.0665477737784386,0.9829823207110167
pilot_resnet32,1788970942.269856,453,448,1,3.07711248844862,0.9760393891483545
pilot_resnet32,1788970949.7809696,485,480,1,3.0523428320884705,0.9815063737332821
pilot_resnet32,1788970956.1488147,517,512,3,3.055037207901478,0.9641190115362406
pilot_resnet32,1788970964.4458818,550,544,3,3.0108915343880653,0.9647717904299498
pilot_resnet32,1788970972.1533694,582,576,3,3.0051068142056465,0.9652038011699915
pilot_resnet32,1788970977.5814195,614,608,3,3.062525473535061,0.9713413733989
pilot_resnet32,1788970981.1401434,646,640,3,3.0479506477713585,0.9659368116408587
pilot_resnet32,1788970987.9877129,678,672,3,3.0436257272958755,0.9696307331323624
pilot_resnet32,1788970995.6833003,710,704,3,3.041791580617428,0.96184366568923
pilot_resnet32,1788971003.5842478,742,736,3,3.027996316552162,0.9643574226647615
pilot_resnet32,1788971009.1718867,774,768,3,3.022454284131527,0.9660449847579002
pilot_resnet32,1788971014.3796794,807,800,3,3.0285720080137253,0.9646226670593023
pilot_resnet32,1788971019.831202,839,832,3,3.0069684386253357,0.9587240591645241
pilot_resnet32,1788971028.8700645,871,864,3,3.019300177693367,0.9660075679421425
pilot_resnet32,1788971034.1161146,905,896,3,2.9801434949040413,0.9604526553303003
pilot_resnet32,1788971041.9169295,939,928,3,3.0125217884778976,0.961868429556489
pilot_resnet32,1788971047.329302,971,960,3,3.0137144327163696,0.9633762761950493
pilot_resnet32,1788971053.418548,1003,992,3,2.9913641586899757,0.9579325132071972
pilot_resnet32,1788971056.9409194,1035,1024,3,3.0037264674901962,0.9545149467885494
pilot_resnet32,1788971062.0628557,1068,1056,3,2.9728450402617455,0.9549506064504385
pilot_resnet32,1788971068.6553411,1100,1088,3,2.958228148519993,0.9624442644417286
pilot_resnet32,1788971071.6474175,1132,1120,3,2.9795481488108635,0.9501213021576405
pilot_resnet32,1788971080.820375,1164,1152,3,2.9639675319194794,0.9522648677229881
pilot_resnet32,1788971087.6868286,1200,1184,3,2.950746588408947,0.9465561807155609
pilot_resnet32,1788971096.067714,1232,1216,3,2.954417295753956,0.9520419500768185
pilot_resnet32,1788971103.2972639,1264,1248,3,2.9627217426896095,0.94823800586164
pilot_resnet32,1788971109.3919797,1296,1280,3,2.927527792751789,0.9429356306791306
pilot_resnet32,1788971115.410178,1328,1312,3,2.9226099029183388,0.9488531462848186
pilot_resnet32,1788971121.8201392,1360,1344,3,2.917691223323345,0.9469434786587954
pilot_resnet32,1788971125.4895535,1392,1376,3,2.894204594194889,0.9445484280586243
pilot_resnet32,1788971132.35303,1424,1408,3,2.9136340469121933,0.9422552026808262
pilot_resnet32,1788971140.1330533,1457,1440,3,2.8882223814725876,0.9403436239808798
pilot_resnet32,1788971148.5263507,1490,1472,3,2.8656098768115044,0.9337962549179792
pilot_resnet32,1788971154.6456797,1522,1504,3,2.8723080456256866,0.944914324209094
pilot_resnet32,1788971160.769756,1555,1536,3,2.8675424680113792,0.942142790183425
pilot_resnet32,1788971168.5595772,1587,1568,3,2.851661056280136,0.9388296585530043
pilot_resnet32,1788971170.9247081,1622,1600,3,2.8543884977698326,0.94294080324471
pilot_resnet32,1788971178.7608392,1657,1632,3,2.843472898006439,0.9299045447260141
pilot_resnet32,1788971185.3252335,1689,1664,3,2.835707448422909,0.9437158312648535
pilot_resnet32,1788971193.2494805,1721,1696,3,2.8248969092965126,0.9345323462039232
pilot_resnet32,1788971199.9176586,1753,1728,3,2.8156762197613716,0.9470714256167412
pilot_resnet32,1788971204.8823824,1786,1760,3,2.8202316612005234,0.9436340890824795
pilot_resnet32,1788971213.5124962,1819,1792,3,2.784668542444706,0.9432414043694735
pilot_resnet32,1788971221.2762716,1852,1824,3,2.7671024054288864,0.945225577801466
pilot_resnet32,1788971228.6341748,1884,1856,3,2.761922314763069,0.9385179560631514
pilot_resnet32,1788971236.9231637,1916,1888,3,2.761026941239834,0.94062814489007
pilot_resnet32,1788971242.7045693,1948,1920,3,2.7521854490041733,0.9370372761040926
pilot_resnet32,1788971250.6066504,1980,1952,3,2.7586784288287163,0.9438288174569607
pilot_resnet32,1788971254.8914733,2014,1984,3,2.753885217010975,0.947282949462533
pilot_resnet32,1788971261.9328287,2047,2016,3,2.7321820333600044,0.94954814016819
pilot_resnet32,1788971268.0077255,2080,2048,3,2.726374849677086,0.9415338635444641
pilot_resnet32,1788971276.9516509,2112,2080,3,2.7177850157022476,0.935338456183672
pilot_resnet32,1788971283.9192328,2145,2112,3,2.7122344970703125,0.9495628364384174
pilot_resnet32,1788971290.8517745,2177,2144,3,2.6551254391670227,0.9466250091791153
pilot_resnet32,1788971295.0864427,2209,2176,3,2.667059116065502,0.9426758717745543
pilot_resnet32,1788971301.4191053,2241,2208,3,2.6746330857276917,0.9539965409785509
pilot_resnet32,1788971307.2234144,2273,2240,3,2.6701520159840584,0.9425145145505667
pilot_resnet32,1788971314.1844068,2305,2272,3,2.6512948498129845,0.9422947894781828
pilot_resnet32,1788971322.068401,2337,2304,3,2.645393155515194,0.9460686184465885
pilot_resnet32,1788971326.8928509,2369,2336,3,2.6350323036313057,0.9427873361855745
pilot_resnet32,1788971336.742886,2402,2368,3,2.628867521882057,0.9438873901963234
pilot_resnet32,1788971341.7663524,2434,2400,3,2.624654121696949,0.9497190434485674
pilot_resnet32,1788971351.4004157,2466,2432,3,2.597230352461338,0.9492341317236423
pilot_resnet32,1788971358.2972214,2498,2464,3,2.6048139855265617,0.9552065543830395
pilot_resnet32,1788971364.0486188,2530,2496,3,2.5944343730807304,0.9508971478790045
pilot_resnet32,1788971368.9619184,2563,2528,3,2.6199730709195137,0.9517505168914795
pilot_resnet32,1788971377.440891,2596,2560,3,2.561203472316265,0.957666665315628
pilot_resnet32,1788971387.2483935,2630,2592,3,2.562925837934017,0.9472793955355883
pilot_resnet32,1788971393.924423,2662,2624,3,2.5729024782776833,0.939568504691124
pilot_resnet32,1788971400.9235635,2694,2656,3,2.5843858122825623,0.9582020323723555
pilot_resnet32,1788971407.6492734,2727,2688,3,2.5305677130818367,0.9538082908838987
pilot_resnet32,1788971414.0716453,2759,2720,3,2.5632632225751877,0.9556471891701221
pilot_resnet32,1788971421.3656268,2791,2752,3,2.5670689195394516,0.9486473500728607
pilot_resnet32,1788971429.8805115,2823,2784,3,2.5141665637493134,0.9535595178604126
pilot_resnet32,1788971436.379592,2856,2816,3,2.5501627698540688,0.9487829227000475
pilot_resnet32,1788971441.9097915,2888,2848,3,2.551591508090496,0.9468676187098026
pilot_resnet32,1788971448.7983437,2920,2880,3,2.536914899945259,0.9508610554039478
pilot_resnet32,1788971456.1061838,2952,2912,3,2.538372963666916,0.9550518058240414
pilot_resnet32,1788971462.2929347,2984,2944,3,2.5230015739798546,0.9490213748067617
pilot_resnet32,1788971469.7412066,3016,2976,3,2.524547405540943,0.9300125781446695
pilot_resnet32,1788971478.4205422,3048,3008,3,2.5226418897509575,0.9377724900841713
pilot_resnet32,1788971484.8997197,3080,3040,3,2.5072165206074715,0.9432639218866825
pilot_resnet32,1788971490.8017023,3112,3072,3,2.474572256207466,0.9317128490656614
pilot_resnet32,1788971500.4371462,3145,3104,3,2.5177351981401443,0.9339037444442511
pilot_resnet32,1788971507.3559337,3177,3136,3,2.521064542233944,0.9347676336765289
pilot_resnet32,1788971513.808782,3209,3168,3,2.503920018672943,0.9385470375418663
pilot_resnet32,1788971523.0929563,3241,3200,3,2.472553811967373,0.9314379915595055
pilot_resnet32,1788971531.3205957,3273,3232,3,2.5193017572164536,0.9382763300091028
pilot_resnet32,1788971539.8814738,3305,3264,3,2.493668533861637,0.9308929294347763
pilot_resnet32,1788971548.7856328,3337,3296,3,2.5083808228373528,0.9319396801292896
pilot_resnet32,1788971556.0104747,3369,3328,3,2.480504594743252,0.9287266470491886
pilot_resnet32,1788971565.7658985,3402,3360,3,2.462252251803875,0.9303213525563478
pilot_resnet32,1788971573.6281395,3434,3392,3,2.4877448454499245,0.9385923519730568
pilot_resnet32,1788971581.1520498,3466,3424,3,2.454960599541664,0.9380139987915754
pilot_resnet32,1788971589.066532,3498,3456,3,2.468888856470585,0.9358848109841347
pilot_resnet32,1788971597.7249773,3530,3488,3,2.468411199748516,0.9259648453444242
pilot_resnet32,1788971608.3001902,3562,3520,3,2.441812440752983,0.9225911572575569
pilot_resnet32,1788971616.8137543,3594,3552,3,2.4208066910505295,0.922139847651124
pilot_resnet32,1788971623.962763,3627,3584,3,2.4371296912431717,0.9205986615270376
pilot_resnet32,1788971633.131347,3659,3616,3,2.4367148503661156,0.9280557986348867
pilot_resnet32,1788971637.2242675,3691,3648,3,2.4384087696671486,0.926381716504693
pilot_resnet32,1788971645.4971738,3724,3680,3,2.4093068540096283,0.9093287754803896
pilot_resnet32,1788971652.3718882,3756,3712,3,2.441924773156643,0.927430784329772
pilot_resnet32,1788971662.6434617,3788,3744,3,2.397321470081806,0.9184286035597324
pilot_resnet32,1788971673.4882846,3820,3776,3,2.4145230650901794,0.9242845065891743
pilot_resnet32,1788971681.185357,3852,3808,3,2.414482966065407,0.9356187954545021
pilot_resnet32,1788971688.969248,3885,3840,4,2.385074533522129,0.9211425613611937
pilot_resnet32,1788971697.9022107,3917,3872,4,2.397115297615528,0.9231805596500635
pilot_resnet32,1788971704.6422749,3949,3904,4,2.3817127272486687,0.9178460892289877
pilot_resnet32,1788971714.577349,3981,3936,4,2.370229698717594,0.9290160890668631
pilot_resnet32,1788971723.227022,4013,3968,4,2.3753723055124283,0.9226299617439508
pilot_resnet32,1788971734.3160074,4045,4000,4,2.3391055688261986,0.9196797031909227
pilot_resnet32,1788971741.2502584,4077,4032,4,2.3432625830173492,0.9344304800033569
